Timestamp,Total Occupants,Tags,Instance Count,Public Instances,Other Instances,Version #,Total Likes,Total Visits,,,,
Sun Jun 03 2018 01:25:47 GMT+0000 (UTC),505,admin_approved|admin_featured|admin_hide_new|admin_hide_popular,0,9,91,18,0,0,
Mon Jun 04 2018 00:56:35 GMT+0000 (UTC),427,admin_approved|admin_featured|admin_hide_new|admin_hide_popular,100,7,93,18,0,0,
Wed Jun 06 2018 22:26:37 GMT+0000 (UTC),426,admin_approved|admin_featured|admin_hide_new|admin_hide_popular,100,7,93,18,0,0,
Wed Jun 06 2018 22:26:39 GMT+0000 (UTC),427,admin_approved|admin_featured|admin_hide_new|admin_hide_popular,100,7,93,18,0,0,
Wed Jun 06 2018 22:30:12 GMT+0000 (UTC),390,admin_approved|admin_featured|admin_hide_new|admin_hide_popular,100,8,92,18,0,0,
Wed Jun 06 2018 22:30:13 GMT+0000 (UTC),390,admin_approved|admin_featured|admin_hide_new|admin_hide_popular,100,8,92,18,0,0,
Wed Jun 06 2018 22:36:14 GMT+0000 (UTC),403,admin_approved|admin_featured|admin_hide_new|admin_hide_popular,100,8,92,18,0,0,
Wed Jun 06 2018 22:42:17 GMT+0000 (UTC),401,admin_approved|admin_featured|admin_hide_new|admin_hide_popular,100,9,91,18,0,0,
Wed Jun 06 2018 22:46:24 GMT+0000 (UTC),430,admin_approved|admin_featured|admin_hide_new|admin_hide_popular,100,7,93,18,0,0,
Wed Jun 06 2018 23:01:27 GMT+0000 (UTC),421,admin_approved|admin_featured|admin_hide_new|admin_hide_popular,100,8,92,18,0,0,
Wed Jun 06 2018 23:16:29 GMT+0000 (UTC),390,admin_approved|admin_featured|admin_hide_new|admin_hide_popular,100,7,93,18,0,0,
Wed Jun 06 2018 23:31:31 GMT+0000 (UTC),387,admin_approved|admin_featured|admin_hide_new|admin_hide_popular,100,8,92,18,0,0,
Wed Jun 06 2018 23:46:33 GMT+0000 (UTC),423,admin_approved|admin_featured|admin_hide_new|admin_hide_popular,100,8,92,18,0,0,
Thu Jun 07 2018 00:01:36 GMT+0000 (UTC),389,admin_approved|admin_featured|admin_hide_new|admin_hide_popular,100,9,91,18,0,0,
Thu Jun 07 2018 00:16:38 GMT+0000 (UTC),363,admin_approved|admin_featured|admin_hide_new|admin_hide_popular,100,8,92,18,0,0,
Thu Jun 07 2018 00:31:40 GMT+0000 (UTC),341,admin_approved|admin_featured|admin_hide_new|admin_hide_popular,100,10,90,18,0,0,
Thu Jun 07 2018 00:46:43 GMT+0000 (UTC),358,admin_approved|admin_featured|admin_hide_new|admin_hide_popular,100,9,91,18,0,0,
Thu Jun 07 2018 01:01:45 GMT+0000 (UTC),342,admin_approved|admin_featured|admin_hide_new|admin_hide_popular,100,10,90,18,0,0,
Thu Jun 07 2018 01:16:48 GMT+0000 (UTC),385,admin_approved|admin_featured|admin_hide_new|admin_hide_popular,100,9,91,18,0,0,
Thu Jun 07 2018 01:31:50 GMT+0000 (UTC),447,admin_approved|admin_featured|admin_hide_new|admin_hide_popular,100,11,89,18,0,0,
Thu Jun 07 2018 01:46:52 GMT+0000 (UTC),396,admin_approved|admin_featured|admin_hide_new|admin_hide_popular,100,11,89,18,0,0,
Thu Jun 07 2018 02:01:55 GMT+0000 (UTC),532,admin_approved|admin_featured|admin_hide_new|admin_hide_popular,100,10,90,18,0,0,
Thu Jun 07 2018 02:16:57 GMT+0000 (UTC),475,admin_approved|admin_featured|admin_hide_new|admin_hide_popular,100,11,89,18,0,0,
Thu Jun 07 2018 02:32:00 GMT+0000 (UTC),457,admin_approved|admin_featured|admin_hide_new|admin_hide_popular,100,10,90,18,0,0,
Thu Jun 07 2018 02:47:02 GMT+0000 (UTC),455,admin_approved|admin_featured|admin_hide_new|admin_hide_popular,100,11,89,18,0,0,
Thu Jun 07 2018 03:02:05 GMT+0000 (UTC),456,admin_approved|admin_featured|admin_hide_new|admin_hide_popular,100,12,88,18,0,0,
Thu Jun 07 2018 03:17:07 GMT+0000 (UTC),458,admin_approved|admin_featured|admin_hide_new|admin_hide_popular,100,12,88,18,0,0,
Thu Jun 07 2018 03:32:10 GMT+0000 (UTC),450,admin_approved|admin_featured|admin_hide_new|admin_hide_popular,100,10,90,18,0,0,
Thu Jun 07 2018 03:47:12 GMT+0000 (UTC),482,admin_approved|admin_featured|admin_hide_new|admin_hide_popular,100,9,91,18,0,0,
Thu Jun 07 2018 04:02:15 GMT+0000 (UTC),489,admin_approved|admin_featured|admin_hide_new|admin_hide_popular,100,8,92,18,0,0,
Thu Jun 07 2018 04:17:17 GMT+0000 (UTC),433,admin_approved|admin_featured|admin_hide_new|admin_hide_popular,100,5,95,18,0,0,
Thu Jun 07 2018 04:32:20 GMT+0000 (UTC),459,admin_approved|admin_featured|admin_hide_new|admin_hide_popular,100,5,95,18,0,0,
Thu Jun 07 2018 04:47:22 GMT+0000 (UTC),481,admin_approved|admin_featured|admin_hide_new|admin_hide_popular,100,6,94,18,0,0,
Thu Jun 07 2018 05:02:25 GMT+0000 (UTC),451,admin_approved|admin_featured|admin_hide_new|admin_hide_popular,100,7,93,18,0,0,
Thu Jun 07 2018 05:17:27 GMT+0000 (UTC),409,admin_approved|admin_featured|admin_hide_new|admin_hide_popular,100,7,93,18,0,0,
Thu Jun 07 2018 05:32:29 GMT+0000 (UTC),441,admin_approved|admin_featured|admin_hide_new|admin_hide_popular,100,7,93,18,0,0,
Thu Jun 07 2018 05:47:31 GMT+0000 (UTC),448,admin_approved|admin_featured|admin_hide_new|admin_hide_popular,100,7,93,18,0,0,
Thu Jun 07 2018 06:02:33 GMT+0000 (UTC),381,admin_approved|admin_featured|admin_hide_new|admin_hide_popular,100,6,94,18,0,0,
Thu Jun 07 2018 06:17:35 GMT+0000 (UTC),380,admin_approved|admin_featured|admin_hide_new|admin_hide_popular,100,7,93,18,0,0,
Thu Jun 07 2018 06:32:37 GMT+0000 (UTC),373,admin_approved|admin_featured|admin_hide_new|admin_hide_popular,100,6,94,18,0,0,
Thu Jun 07 2018 06:47:39 GMT+0000 (UTC),313,admin_approved|admin_featured|admin_hide_new|admin_hide_popular,100,6,94,18,0,0,
Thu Jun 07 2018 07:02:41 GMT+0000 (UTC),277,admin_approved|admin_featured|admin_hide_new|admin_hide_popular,100,6,94,18,0,0,
Thu Jun 07 2018 07:17:43 GMT+0000 (UTC),199,admin_approved|admin_featured|admin_hide_new|admin_hide_popular,100,6,94,18,0,0,
Thu Jun 07 2018 07:32:45 GMT+0000 (UTC),232,admin_approved|admin_featured|admin_hide_new|admin_hide_popular,100,7,93,18,0,0,
Thu Jun 07 2018 07:47:47 GMT+0000 (UTC),219,admin_approved|admin_featured|admin_hide_new|admin_hide_popular,100,5,95,18,0,0,
Thu Jun 07 2018 08:02:49 GMT+0000 (UTC),210,admin_approved|admin_featured|admin_hide_new|admin_hide_popular,100,4,96,18,0,0,
Thu Jun 07 2018 08:17:51 GMT+0000 (UTC),208,admin_approved|admin_featured|admin_hide_new|admin_hide_popular,100,5,95,18,0,0,
Thu Jun 07 2018 08:32:53 GMT+0000 (UTC),205,admin_approved|admin_featured|admin_hide_new|admin_hide_popular,100,5,95,18,0,0,
Thu Jun 07 2018 08:47:55 GMT+0000 (UTC),209,admin_approved|admin_featured|admin_hide_new|admin_hide_popular,100,4,96,18,0,0,
Thu Jun 07 2018 09:02:57 GMT+0000 (UTC),178,admin_approved|admin_featured|admin_hide_new|admin_hide_popular,100,4,96,18,0,0,
Thu Jun 07 2018 09:18:00 GMT+0000 (UTC),163,admin_approved|admin_featured|admin_hide_new|admin_hide_popular,100,6,94,18,0,0,
Thu Jun 07 2018 09:33:02 GMT+0000 (UTC),177,admin_approved|admin_featured|admin_hide_new|admin_hide_popular,100,4,96,18,0,0,
Thu Jun 07 2018 09:48:05 GMT+0000 (UTC),152,admin_approved|admin_featured|admin_hide_new|admin_hide_popular,100,6,94,18,0,0,
Thu Jun 07 2018 10:03:07 GMT+0000 (UTC),163,admin_approved|admin_featured|admin_hide_new|admin_hide_popular,100,5,95,18,0,0,
Thu Jun 07 2018 10:18:09 GMT+0000 (UTC),167,admin_approved|admin_featured|admin_hide_new|admin_hide_popular,100,7,93,18,0,0,
Thu Jun 07 2018 10:33:11 GMT+0000 (UTC),151,admin_approved|admin_featured|admin_hide_new|admin_hide_popular,100,6,94,18,0,0,
Thu Jun 07 2018 10:48:13 GMT+0000 (UTC),183,admin_approved|admin_featured|admin_hide_new|admin_hide_popular,100,7,93,18,0,0,
Thu Jun 07 2018 11:03:15 GMT+0000 (UTC),170,admin_approved|admin_featured|admin_hide_new|admin_hide_popular,100,7,93,18,0,0,
Thu Jun 07 2018 11:18:18 GMT+0000 (UTC),164,admin_approved|admin_featured|admin_hide_new|admin_hide_popular,100,5,95,18,0,0,
Thu Jun 07 2018 11:33:20 GMT+0000 (UTC),166,admin_approved|admin_featured|admin_hide_new|admin_hide_popular,100,8,92,18,0,0,
Thu Jun 07 2018 11:48:22 GMT+0000 (UTC),175,admin_approved|admin_featured|admin_hide_new|admin_hide_popular,100,8,92,18,0,0,
Thu Jun 07 2018 12:03:25 GMT+0000 (UTC),208,admin_approved|admin_featured|admin_hide_new|admin_hide_popular,100,7,93,18,0,0,
Thu Jun 07 2018 12:18:27 GMT+0000 (UTC),189,admin_approved|admin_featured|admin_hide_new|admin_hide_popular,100,7,93,18,0,0,
Thu Jun 07 2018 12:33:28 GMT+0000 (UTC),213,admin_approved|admin_featured|admin_hide_new|admin_hide_popular,100,6,94,18,0,0,
Thu Jun 07 2018 12:48:31 GMT+0000 (UTC),228,admin_approved|admin_featured|admin_hide_new|admin_hide_popular,100,5,95,18,0,0,
Thu Jun 07 2018 13:03:33 GMT+0000 (UTC),247,admin_approved|admin_featured|admin_hide_new|admin_hide_popular,100,6,94,18,0,0,
Thu Jun 07 2018 13:18:36 GMT+0000 (UTC),271,admin_approved|admin_featured|admin_hide_new|admin_hide_popular,100,6,94,18,0,0,
Thu Jun 07 2018 13:33:37 GMT+0000 (UTC),284,admin_approved|admin_featured|admin_hide_new|admin_hide_popular,100,8,92,18,0,0,
Thu Jun 07 2018 13:48:39 GMT+0000 (UTC),303,admin_approved|admin_featured|admin_hide_new|admin_hide_popular,100,8,92,18,0,0,
Thu Jun 07 2018 14:03:41 GMT+0000 (UTC),281,admin_approved|admin_featured|admin_hide_new|admin_hide_popular,100,9,91,18,0,0,
Thu Jun 07 2018 14:18:42 GMT+0000 (UTC),331,admin_approved|admin_featured|admin_hide_new|admin_hide_popular,100,9,91,18,0,0,
Thu Jun 07 2018 14:33:45 GMT+0000 (UTC),384,admin_approved|admin_featured|admin_hide_new|admin_hide_popular,100,10,90,18,0,0,
Thu Jun 07 2018 14:48:47 GMT+0000 (UTC),348,admin_approved|admin_featured|admin_hide_new|admin_hide_popular,100,14,86,18,0,0,
Thu Jun 07 2018 15:03:49 GMT+0000 (UTC),356,admin_approved|admin_featured|admin_hide_new|admin_hide_popular,100,12,88,18,0,0,
Thu Jun 07 2018 15:18:51 GMT+0000 (UTC),359,admin_approved|admin_featured|admin_hide_new|admin_hide_popular,100,16,84,18,0,0,
Thu Jun 07 2018 15:50:03 GMT+0000 (UTC),385,admin_approved|admin_featured|admin_hide_new|admin_hide_popular,100,15,85,18,0,0,
Thu Jun 07 2018 16:05:05 GMT+0000 (UTC),380,admin_approved|admin_featured|admin_hide_new|admin_hide_popular,100,13,87,18,0,0,
Thu Jun 07 2018 16:20:07 GMT+0000 (UTC),397,admin_approved|admin_featured|admin_hide_new|admin_hide_popular,100,11,89,18,0,0,
Thu Jun 07 2018 16:35:08 GMT+0000 (UTC),392,admin_approved|admin_featured|admin_hide_new|admin_hide_popular,100,10,90,18,0,0,
Thu Jun 07 2018 16:50:10 GMT+0000 (UTC),397,admin_approved|admin_featured|admin_hide_new|admin_hide_popular,100,11,89,18,0,0,
Thu Jun 07 2018 17:05:12 GMT+0000 (UTC),410,admin_approved|admin_featured|admin_hide_new|admin_hide_popular,100,11,89,18,0,0,
Thu Jun 07 2018 17:20:15 GMT+0000 (UTC),431,admin_approved|admin_featured|admin_hide_new|admin_hide_popular,100,10,90,18,0,0,
Thu Jun 07 2018 17:35:17 GMT+0000 (UTC),356,admin_approved|admin_featured|admin_hide_new|admin_hide_popular,100,10,90,18,0,0,
Thu Jun 07 2018 17:50:19 GMT+0000 (UTC),328,admin_approved|admin_featured|admin_hide_new|admin_hide_popular,100,9,91,18,0,0,
Thu Jun 07 2018 18:05:22 GMT+0000 (UTC),330,admin_approved|admin_featured|admin_hide_new|admin_hide_popular,100,11,89,18,0,0,
Thu Jun 07 2018 18:20:24 GMT+0000 (UTC),334,admin_approved|admin_featured|admin_hide_new|admin_hide_popular,100,8,92,18,0,0,
Thu Jun 07 2018 18:35:27 GMT+0000 (UTC),328,admin_approved|admin_featured|admin_hide_new|admin_hide_popular,100,7,93,18,0,0,
Thu Jun 07 2018 18:50:30 GMT+0000 (UTC),333,admin_approved|admin_featured|admin_hide_new|admin_hide_popular,100,9,91,18,0,0,
Thu Jun 07 2018 19:05:33 GMT+0000 (UTC),336,admin_approved|admin_featured|admin_hide_new|admin_hide_popular,100,10,90,18,0,0,
Thu Jun 07 2018 19:20:36 GMT+0000 (UTC),365,admin_approved|admin_featured|admin_hide_new|admin_hide_popular,100,10,90,18,0,0,
Thu Jun 07 2018 19:35:38 GMT+0000 (UTC),397,admin_approved|admin_featured|admin_hide_new|admin_hide_popular,100,9,91,18,0,0,
Thu Jun 07 2018 19:50:41 GMT+0000 (UTC),357,admin_approved|admin_featured|admin_hide_new|admin_hide_popular,100,10,90,18,0,0,
Thu Jun 07 2018 20:05:43 GMT+0000 (UTC),362,admin_approved|admin_featured|admin_hide_new|admin_hide_popular,100,10,90,18,0,0,
Thu Jun 07 2018 20:20:46 GMT+0000 (UTC),350,admin_approved|admin_featured|admin_hide_new|admin_hide_popular,100,11,89,18,0,0,
Thu Jun 07 2018 20:35:48 GMT+0000 (UTC),330,admin_approved|admin_featured|admin_hide_new|admin_hide_popular,100,9,91,18,0,0,
Thu Jun 07 2018 20:50:50 GMT+0000 (UTC),348,admin_approved|admin_featured|admin_hide_new|admin_hide_popular,100,8,92,18,0,0,
Thu Jun 07 2018 21:05:52 GMT+0000 (UTC),390,admin_approved|admin_featured|admin_hide_new|admin_hide_popular,100,8,92,18,0,0,
Thu Jun 07 2018 21:20:54 GMT+0000 (UTC),366,admin_approved|admin_featured|admin_hide_new|admin_hide_popular,100,9,91,18,0,0,
Thu Jun 07 2018 21:35:56 GMT+0000 (UTC),348,admin_approved|admin_featured|admin_hide_new|admin_hide_popular,100,13,87,18,0,0,
Thu Jun 07 2018 21:50:58 GMT+0000 (UTC),363,admin_approved|admin_featured|admin_hide_new|admin_hide_popular,100,11,89,18,0,0,
Thu Jun 07 2018 22:06:01 GMT+0000 (UTC),394,admin_approved|admin_featured|admin_hide_new|admin_hide_popular,100,9,91,18,0,0,
Thu Jun 07 2018 22:21:04 GMT+0000 (UTC),416,admin_approved|admin_featured|admin_hide_new|admin_hide_popular,100,10,90,18,0,0,
Thu Jun 07 2018 22:36:06 GMT+0000 (UTC),401,admin_approved|admin_featured|admin_hide_new|admin_hide_popular,100,9,91,18,0,0,
Thu Jun 07 2018 22:51:09 GMT+0000 (UTC),396,admin_approved|admin_featured|admin_hide_new|admin_hide_popular,100,10,90,18,0,0,
Thu Jun 07 2018 23:06:11 GMT+0000 (UTC),349,admin_approved|admin_featured|admin_hide_new|admin_hide_popular,100,10,90,18,0,0,
Thu Jun 07 2018 23:21:14 GMT+0000 (UTC),416,admin_approved|admin_featured|admin_hide_new|admin_hide_popular,100,8,92,18,0,0,
Thu Jun 07 2018 23:36:16 GMT+0000 (UTC),386,admin_approved|admin_featured|admin_hide_new|admin_hide_popular,100,9,91,18,0,0,
Thu Jun 07 2018 23:51:19 GMT+0000 (UTC),388,admin_approved|admin_featured|admin_hide_new|admin_hide_popular,100,12,88,18,0,0,
Fri Jun 08 2018 00:06:21 GMT+0000 (UTC),376,admin_approved|admin_featured|admin_hide_new|admin_hide_popular,100,9,91,18,0,0,
Fri Jun 08 2018 00:21:24 GMT+0000 (UTC),355,admin_approved|admin_featured|admin_hide_new|admin_hide_popular,100,8,92,18,0,0,
Fri Jun 08 2018 00:36:26 GMT+0000 (UTC),341,admin_approved|admin_featured|admin_hide_new|admin_hide_popular,100,9,91,18,0,0,
Fri Jun 08 2018 00:51:28 GMT+0000 (UTC),314,admin_approved|admin_featured|admin_hide_new|admin_hide_popular,100,11,89,18,0,0,
Fri Jun 08 2018 01:06:30 GMT+0000 (UTC),391,admin_approved|admin_featured|admin_hide_new|admin_hide_popular,100,10,90,18,0,0,
Fri Jun 08 2018 01:21:32 GMT+0000 (UTC),399,admin_approved|admin_featured|admin_hide_new|admin_hide_popular,100,11,89,18,0,0,
Fri Jun 08 2018 01:36:34 GMT+0000 (UTC),477,admin_approved|admin_featured|admin_hide_new|admin_hide_popular,100,8,92,18,0,0,
Fri Jun 08 2018 01:51:37 GMT+0000 (UTC),455,admin_approved|admin_featured|admin_hide_new|admin_hide_popular,100,12,88,18,0,0,
Fri Jun 08 2018 02:06:39 GMT+0000 (UTC),451,admin_approved|admin_featured|admin_hide_new|admin_hide_popular,100,11,89,18,0,0,
Fri Jun 08 2018 02:21:41 GMT+0000 (UTC),368,admin_approved|admin_featured|admin_hide_new|admin_hide_popular,100,8,92,18,0,0,
Fri Jun 08 2018 02:36:43 GMT+0000 (UTC),446,admin_approved|admin_featured|admin_hide_new|admin_hide_popular,100,10,90,18,0,0,
Fri Jun 08 2018 02:51:46 GMT+0000 (UTC),438,admin_approved|admin_featured|admin_hide_new|admin_hide_popular,100,9,91,18,0,0,
Fri Jun 08 2018 03:06:48 GMT+0000 (UTC),404,admin_approved|admin_featured|admin_hide_new|admin_hide_popular,100,8,92,18,0,0,
Fri Jun 08 2018 03:21:51 GMT+0000 (UTC),397,admin_approved|admin_featured|admin_hide_new|admin_hide_popular,100,10,90,18,0,0,
Fri Jun 08 2018 03:36:53 GMT+0000 (UTC),379,admin_approved|admin_featured|admin_hide_new|admin_hide_popular,100,9,91,18,0,0,
Fri Jun 08 2018 03:51:55 GMT+0000 (UTC),399,admin_approved|admin_featured|admin_hide_new|admin_hide_popular,100,6,94,18,0,0,
Fri Jun 08 2018 04:06:59 GMT+0000 (UTC),332,admin_approved|admin_featured|admin_hide_new|admin_hide_popular,100,7,93,18,0,0,
Fri Jun 08 2018 04:22:01 GMT+0000 (UTC),320,admin_approved|admin_featured|admin_hide_new|admin_hide_popular,100,7,93,18,0,0,
Fri Jun 08 2018 04:37:03 GMT+0000 (UTC),316,admin_approved|admin_featured|admin_hide_new|admin_hide_popular,100,7,93,18,0,0,
Fri Jun 08 2018 04:52:05 GMT+0000 (UTC),312,admin_approved|admin_featured|admin_hide_new|admin_hide_popular,100,9,91,18,0,0,
Fri Jun 08 2018 05:07:08 GMT+0000 (UTC),282,admin_approved|admin_featured|admin_hide_new|admin_hide_popular,100,10,90,18,0,0,
Fri Jun 08 2018 05:22:11 GMT+0000 (UTC),309,admin_approved|admin_featured|admin_hide_new|admin_hide_popular,100,9,91,18,0,0,
Fri Jun 08 2018 05:37:13 GMT+0000 (UTC),314,admin_approved|admin_featured|admin_hide_new|admin_hide_popular,100,9,91,18,0,0,
Fri Jun 08 2018 05:52:15 GMT+0000 (UTC),322,admin_approved|admin_featured|admin_hide_new|admin_hide_popular,100,9,91,18,0,0,
Fri Jun 08 2018 06:07:17 GMT+0000 (UTC),325,admin_approved|admin_featured|admin_hide_new|admin_hide_popular,100,9,91,18,0,0,
Fri Jun 08 2018 06:22:20 GMT+0000 (UTC),344,admin_approved|admin_featured|admin_hide_new|admin_hide_popular,100,9,91,18,0,0,
Fri Jun 08 2018 06:37:23 GMT+0000 (UTC),358,admin_approved|admin_featured|admin_hide_new|admin_hide_popular,100,10,90,18,0,0,
Fri Jun 08 2018 06:52:27 GMT+0000 (UTC),406,admin_approved|admin_featured|admin_hide_new|admin_hide_popular,100,9,91,18,0,0,
Fri Jun 08 2018 07:07:30 GMT+0000 (UTC),407,admin_approved|admin_featured|admin_hide_new|admin_hide_popular,100,11,89,18,0,0,
Fri Jun 08 2018 07:22:32 GMT+0000 (UTC),368,admin_approved|admin_featured|admin_hide_new|admin_hide_popular,100,10,90,18,0,0,
Fri Jun 08 2018 07:37:34 GMT+0000 (UTC),372,admin_approved|admin_featured|admin_hide_new|admin_hide_popular,100,8,92,18,0,0,
Fri Jun 08 2018 07:52:36 GMT+0000 (UTC),377,admin_approved|admin_featured|admin_hide_new|admin_hide_popular,100,8,92,18,0,0,
Fri Jun 08 2018 08:07:39 GMT+0000 (UTC),345,admin_approved|admin_featured|admin_hide_new|admin_hide_popular,100,7,93,18,0,0,
Fri Jun 08 2018 08:22:41 GMT+0000 (UTC),342,admin_approved|admin_featured|admin_hide_new|admin_hide_popular,100,8,92,18,0,0,
Fri Jun 08 2018 08:37:44 GMT+0000 (UTC),341,admin_approved|admin_featured|admin_hide_new|admin_hide_popular,100,8,92,18,0,0,
Fri Jun 08 2018 08:52:46 GMT+0000 (UTC),282,admin_approved|admin_featured|admin_hide_new|admin_hide_popular,100,7,93,18,0,0,
Fri Jun 08 2018 09:07:48 GMT+0000 (UTC),250,admin_approved|admin_featured|admin_hide_new|admin_hide_popular,100,8,92,18,0,0,
Fri Jun 08 2018 09:22:50 GMT+0000 (UTC),262,admin_approved|admin_featured|admin_hide_new|admin_hide_popular,100,7,93,18,0,0,
Fri Jun 08 2018 09:37:53 GMT+0000 (UTC),249,admin_approved|admin_featured|admin_hide_new|admin_hide_popular,100,5,95,18,0,0,
Fri Jun 08 2018 09:52:56 GMT+0000 (UTC),254,admin_approved|admin_featured|admin_hide_new|admin_hide_popular,100,8,92,18,0,0,
Fri Jun 08 2018 10:07:58 GMT+0000 (UTC),241,admin_approved|admin_featured|admin_hide_new|admin_hide_popular,100,8,92,18,0,0,
Fri Jun 08 2018 10:23:00 GMT+0000 (UTC),274,admin_approved|admin_featured|admin_hide_new|admin_hide_popular,100,6,94,18,0,0,
Fri Jun 08 2018 10:38:03 GMT+0000 (UTC),227,admin_approved|admin_featured|admin_hide_new|admin_hide_popular,100,6,94,18,0,0,
Fri Jun 08 2018 10:53:05 GMT+0000 (UTC),262,admin_approved|admin_featured|admin_hide_new|admin_hide_popular,100,7,93,18,0,0,
Fri Jun 08 2018 11:08:07 GMT+0000 (UTC),242,admin_approved|admin_featured|admin_hide_new|admin_hide_popular,100,8,92,18,0,0,
Fri Jun 08 2018 11:23:10 GMT+0000 (UTC),215,admin_approved|admin_featured|admin_hide_new|admin_hide_popular,100,8,92,18,0,0,
Fri Jun 08 2018 11:38:13 GMT+0000 (UTC),236,admin_approved|admin_featured|admin_hide_new|admin_hide_popular,100,8,92,18,0,0,
Fri Jun 08 2018 11:53:15 GMT+0000 (UTC),204,admin_approved|admin_featured|admin_hide_new|admin_hide_popular,100,7,93,18,0,0,
Fri Jun 08 2018 12:08:18 GMT+0000 (UTC),226,admin_approved|admin_featured|admin_hide_new|admin_hide_popular,100,7,93,18,0,0,
Fri Jun 08 2018 12:23:21 GMT+0000 (UTC),256,admin_approved|admin_featured|admin_hide_new|admin_hide_popular,100,9,91,18,0,0,
Fri Jun 08 2018 12:38:24 GMT+0000 (UTC),254,admin_approved|admin_featured|admin_hide_new|admin_hide_popular,100,8,92,18,0,0,
Fri Jun 08 2018 12:53:27 GMT+0000 (UTC),268,admin_approved|admin_featured|admin_hide_new|admin_hide_popular,100,8,92,18,0,0,
Fri Jun 08 2018 13:08:29 GMT+0000 (UTC),289,admin_approved|admin_featured|admin_hide_new|admin_hide_popular,100,10,90,18,0,0,
Fri Jun 08 2018 13:23:32 GMT+0000 (UTC),282,admin_approved|admin_featured|admin_hide_new|admin_hide_popular,100,10,90,18,0,0,
Fri Jun 08 2018 13:38:35 GMT+0000 (UTC),347,admin_approved|admin_featured|admin_hide_new|admin_hide_popular,100,10,90,18,0,0,
Fri Jun 08 2018 13:53:37 GMT+0000 (UTC),350,admin_approved|admin_featured|admin_hide_new|admin_hide_popular,100,12,88,18,0,0,
Fri Jun 08 2018 14:08:39 GMT+0000 (UTC),330,admin_approved|admin_featured|admin_hide_new|admin_hide_popular,100,12,88,18,0,0,
Fri Jun 08 2018 14:23:41 GMT+0000 (UTC),343,admin_approved|admin_featured|admin_hide_new|admin_hide_popular,100,9,91,18,0,0,
Fri Jun 08 2018 14:38:44 GMT+0000 (UTC),366,admin_approved|admin_featured|admin_hide_new|admin_hide_popular,100,10,90,18,0,0,
Fri Jun 08 2018 14:53:47 GMT+0000 (UTC),380,admin_approved|admin_featured|admin_hide_new|admin_hide_popular,100,10,90,18,0,0,
Fri Jun 08 2018 15:08:49 GMT+0000 (UTC),387,admin_approved|admin_featured|admin_hide_new|admin_hide_popular,100,11,89,18,0,0,
